Language_area	Surname_Name	Pseudonyms	Year_Birth	Year_Death	Nationality	Gender	Journals
DE	[Unknown]	Chauve-Souris	Missing	Missing	Missing	Missing	NU
DE	Alegiani, Conte	NONE	Missing	Missing	Missing	M	GT
DE	Andertann, Hedwig	NONE	Missing	Missing	Missing	F	GT
DE	Andres, Stefan	NONE	1906	1970	DE	M	WA
DE	Arendt, Erich	NONE	1903	1984	DE	M	ME
DE	Arendt, Hannah	NONE	1906	1975	DE; US	F	MO
DE	Aron, Edith	NONE	1923	2020	DE	F	MO
DE	Baader, Bernhard	NONE	1931	Missing	Missing	M	MO
DE	Bachmann, Hellmuth	NONE	Missing	Missing	Missing	M	NU
DE	Bachmann, Ingeborg	NONE	1926	1976	AT	F	ME
DE	Baldus, Alexander	NONE	1900	1971	DE	M	GT
DE	Barany, Otto	NONE	1878	1967	AT	M	NU
DE	Baudisch, Paul	NONE	1899	1977	AT	M	MO
DE	Baumgardt, Ernst	NONE	Missing	Missing	Missing	M	UM
DE	Baumgart, Hildegard	Baumgart, Hille	1929	Missing	Missing	F	ME
DE	Baumhauer, Otto	NONE	Missing	Missing	Missing	M	MO
DE	Beck, Heinrich	Beck, Enrique	1904	1974	DE; CH	M	MO
DE	Becker, Franziska	Becker, Rolly	1908	1991	DE	F	MO
DE	Beer, Arthur	NONE	1900	1980	DE	M	NU
DE	Benda, Annelies von	NONE	Missing	Missing	Missing	F	MO
DE	Bense, Max	NONE	1910	1990	DE	M	ME
DE	Benton, José Antonio	Elsas, Hans Gustav; Gaupp-Turgis, Helmut	1894	1986	DE	M	ME; WA
DE	Berisch, Karl	NONE	Missing	Missing	Missing	M	MO
DE	Bertsch, Trudel	NONE	Missing	Missing	Missing	F	GT
DE	Birnbaum, Charlotte	Birnbaum, Lotte	1900	1981	DE	F	ME; GT
DE	Blumenthal, Otto	Bental, Oded	Missing	Missing	Missing	M	NU
DE	Bochow-Blüthgen, Hansi	Wiesner, Lore	1897	1983	DE	Missing	MO
DE	Bock, Werner	NONE	1893	1962	DE	M	ME
DE	Bode, Margrit	NONE	Missing	Missing	Missing	F	MO
DE	Bodeck, Hermann	NONE	1893	1966	DE	M	GT
DE	Boehlich, Walter	NONE	1921	2006	DE	M	ME
DE	Bondy, François	NONE	1915	2003	CH	M	MO
DE	Bondy, Friedrich	Bondy, Fritz; Scarpi, N.O.	1888	1980	AT; CH	M	MO
DE	Bonin, Tabitha von	NONE	1893	1963	DE	F	ME
DE	Borch, Herbert von	NONE	1909	2003	DE	M	MO
DE	Borchers, Elisabeth	NONE	1926	2013	DE	F	ME
DE	Böschenstein, Bernhard	NONE	1931	2019	CH	M	GT
DE	Boveri, Margret	NONE	1900	1975	DE	F	MO
DE	Braem, H.	Braem, Helmut M.	1922	1977	DE	M	ME
DE	Brands, Horst Wilfrid	NONE	1922	1998	DE	M	MO
DE	Brenner, Hans Georg	NONE	1903	1961	DE	M	WA
DE	Briessen, Fritz van	NONE	1906	1987	DE	M	MO
DE	Broemser, Hans	NONE	1909	Missing	DE	M	GT; NU
DE	Brońska-Pampuch, Wanda	Burmeister, Alfred	1911	1972	DE; PL	F	ME
DE	Bukofzer, Werner	NONE	1903	1985	DE	M	GT
DE	Burger, Karl	NONE	Missing	Missing	Missing	M	NU
DE	Buri, Friedrich W.	Wongtschowski, Adolf Friedrich (birth name)	1919	1999	DE	M	ME
DE	Burschell, Friedrich	NONE	1889	1970	DE	M	NU
DE	Cairncross, J.	NONE	1913?	1995	GB	M	NU
DE	Carlsson, Anni	NONE	1911	2001	DE	F	ME; NU
DE	Carlsson, Maria	NONE	1937	Missing	DE	F	MO
DE	Cassirer, Eva	NONE	1920	2009	DE	F	MO
DE	Celan, Paul	Antschel, Paul	1920	1970	RO	M	ME
DE	Cerny, Vera	NONE	Missing	Missing	Missing	F	MO
DE	Claes, A.	Gehlhoff-Claes, Astrid	1928	2011	DE	F	ME
DE	Clemen, Ursula	NONE	1910	1993	DE	F	ME; MO
DE	Cohn, Hans W.	NONE	1916	2004	DE	M	NU
DE	Conitzer, Gert	Conitzer, Gerhard	1910	1983	DE	M	GT
DE	Curtius, Ernst Robert	NONE	1886	1956	DE	M	ME
DE	Curtius, Ilse	Gsottschneider, Ilse (birth name)	1907	2002	DE	F	ME
DE	Czach, Alfred	NONE	Missing	Missing	Missing	M	MO
DE	Dachauer, S.	NONE	Missing	Missing	Missing	Missing	UM
DE	Damjakob, B.	NONE	Missing	Missing	Missing	Missing	NU
DE	Dedecius, Karl	NONE	1921	2016	DE	M	ME; MO
DE	Dehio, Hanna	NONE	Missing	Missing	Missing	F	MO
DE	Demetz, Peter	Toussell, Peter; Demetz, Petr (birth name)	1922	Missing	CZ; US	M	ME
DE	Dietrich, Wolfram	NONE	Missing	Missing	Missing	M	NU
DE	Dietz, Günter	NONE	1930	2017	DE	M	ME
DE	Distel, Marjele	NONE	Missing	Missing	Missing	F	NU
DE	Dobbert, Helga	NONE	Missing	Missing	Missing	F	MO
DE	Doblhofer, Ernst	NONE	1919	2002	AT	M	MO
DE	Dohm, A.	NONE	Missing	Missing	DE	M	NU
DE	Dor, Milo	NONE	1923	2005	RS; AT	M	ME
DE	Dorn, Wilhelm	NONE	1893	1974	DE	M	NU
DE	Draws-Tychsen, Hellmut	NONE	1904	1973	DE	M	GT
DE	Drohla, Gisela	NONE	1924	1983	DE	F	MO
DE	Droß, Armin	NONE	Missing	Missing	Missing	M	MO
DE	Drösser, Ellinor	NONE	Missing	Missing	Missing	F	NU
DE	Drozdowski, Georg	NONE	1899	1987	AT	M	ME
DE	Dülberg, Peter	Duelberg, Peter; Clemens, Friedrich	1911	1976	DE	M	ME; MO
DE	Duncker, Erwin	NONE	Missing	Missing	Missing	M	MO
DE	Dürrenmatt, Friedrich	NONE	1921	1990	CH	M	ME
DE	Ebel, Gjuro	NONE	Missing	Missing	Missing	Missing	GT
DE	Eckardt-Skalberg, Elfriede	NONE	1884	1964	Missing	F	GT
DE	Ege, Friedrich	NONE	1899	1972	DE	M	GT
DE	Ege, Friedrich	NONE	1899	1972	DE	M	ME
DE	Ehrenstein, Albert	NONE	1886	1950	DE	M	GT
DE	Eichel, Günter	NONE	1921	1987	DE	M	MO
DE	Eicke, Werner	NONE	Missing	Missing	Missing	M	ME
DE	Einsiedel, Wolfgang von	NONE	1903	1967	DE	M	ME; MO
DE	Elster, Hanns Martin	NONE	1888	1983	DE	M	GT
DE	Emmerich, Leo	NONE	Missing	Missing	DE	M	ME
DE	Enzensberger, Christian	NONE	1931	2009	DE	M	ME
DE	Enzensberger, Hans Magnus	Enzensberger, H. M.; Thalmayr, Andreas; Quilt, Linda; Ambras, Elisabeth; Pellizzi, Giorgio; Pfaff, Benedikt; Buddensiek, Trevisa; Brezengang, Serenus M.	1929	Missing	DE	M	ME
DE	Erné, Nino	Bland, Gur	1921	1994	DE	M	ME
DE	Escher, Stefan W.	NONE	Missing	Missing	Missing	M	MO
DE	Faiß, Ottmar	NONE	Missing	Missing	Missing	M	NU
DE	Farny, Erika	NONE	1932	Missing	DE	F	ME
DE	Federmann, Reinhard	NONE	1923	1976	AT	M	ME; MO
DE	Feist, Hans	NONE	1887	1952	DE	M	MO
DE	Fischer, Georg	NONE	Missing	Missing	Missing	M	GT
DE	Fischer-Wernecke, Elisabeth	NONE	Missing	Missing	Missing	F	MO
DE	Flesch-Brunningen, Hans	Bruning, Johannes von; Brun, Vincent; Flesch-Brun	1895	1981	AT	M	MO
DE	Frank, Rudolf	Frank, William G.	1886	1979	DE	M	NU
DE	Frank, William G.	NONE	Missing	Missing	Missing	M	NU
DE	Franz, M. A. von	NONE	Missing	Missing	Missing	Missing	ME
DE	Franzen, Erich	NONE	1892	1961	DE	M	ME; MO
DE	Frenzel, Herbert	NONE	1908	1995	DE	M	ME
DE	Fried, Erich	NONE	1921	1988	AT; GB	M	ME; NU
DE	Fritz, Karl Egon	Vietta, Egon	1903	1959	DE	M	GT
DE	Fromm, Hans	NONE	1919	2008	DE	M	GT
DE	Furreg, Herbert	NONE	1897	1958	AT	M	GT
DE	Gal, Oda von	NONE	1919	Missing	DE	F	WA
DE	George, Stefan	NONE	1868	1933	DE	M	NU
DE	Gerhard, Karl	NONE	Missing	Missing	Missing	M	GT
DE	Gerhardt, Renate	NONE	1926	2017	Missing	F	ME
DE	Gescher-Ringelnatz, Leonharda	Pieper, Leonharda; Muschelkalk; Gescher-Ringelnatz, Leonharda	1898	1977	DE	F	MO
DE	Gillischewski, Ruth	NONE	Missing	Missing	Missing	F	MO
DE	Glaeser, Ernst	Ditschler, Anton; Meschede, Erich; Ruppel, Alexander; Töpfer, Ernst	1902	1963	DE	M	KA
DE	Gradaus, Hans	NONE	Missing	Missing	Missing	M	GT
DE	Granzow, Brigitte	NONE	Missing	Missing	Missing	F	ME
DE	Gregor, Ulrich	NONE	1932	Missing	DE	M	MO
DE	Grivannes, Marcelle	NONE	Missing	Missing	Missing	F	UM; GT
DE	Grossmann, Walter	NONE	Missing	Missing	Missing	M	NU
DE	Grote, Gertrud	NONE	Missing	Missing	Missing	F	MO
DE	Guggenheim, Werner Johannes	NONE	1895	1946	CH	M	MO
DE	Günther, Johann von	Guenther, Johann von	1886	1973	DE	M	GT
DE	Guth, Otto H.	NONE	Missing	Missing	Missing	M	MO
DE	Güttinger, Fritz	NONE	1907	1992	CH	M	MO
DE	Guttmann, Simon	Guttmann, Wilhelm Simon	1891	1990	DE	M	NU
DE	Haas, Willy	NONE	1891	1973	DE	M	NU
DE	Hackel, M.	NONE	Missing	Missing	Missing	Missing	MO
DE	Hagen, Friedrich	NONE	1903	1979	DE	M	UM
DE	Hagy, Livia	NONE	Missing	Missing	Missing	F	GT
DE	Hahn, Josef	NONE	1912	1991	DE	M	MO
DE	Halm, Wolfgang	NONE	Missing	Missing	DE	M	ME
DE	Hansen, Kurt Heinrich	NONE	1913	1987	DE	M	ME
DE	Hardekopf, Ferdinand	NONE	1876	1954	DE	M	MO
DE	Hardt, Ernst	NONE	1876	1947	DE	M	ME
DE	Harpprecht, Klaus	NONE	1927	2016	DE	M	MO
DE	Hasenclever, Walter	NONE	1910	1992	DE; US	M	MO; ME
DE	Hausenstein, Wilhelm	NONE	1882	1957	DE	M	ME; WA; GT
DE	Hausherr, Ina	NONE	Missing	Missing	Missing	F	MO
DE	Hausser, Hans H.	NONE	Missing	Missing	Missing	M	KA
DE	Heidelberger, Ernst	NONE	1908	Missing	DE	M	UM
DE	Heidelberger, Gertrud	NONE	1905	Missing	DE	F	UM
DE	Heidelberger, T.	NONE	Missing	Missing	DE	Missing	UM
DE	Helling, Servais	NONE	Missing	Missing	Missing	Missing	GT
DE	Hellmann, Linda	NONE	Missing	Missing	Missing	F	NU
DE	Hennecke, Hans	NONE	1897	1977	DE	M	GT
DE	Hensel, Gerhard	NONE	Missing	Missing	DE	M	WA
DE	Henze, Helene	NONE	Missing	Missing	Missing	F	MO
DE	Herlitschka, Herberth E.	NONE	1893	1970	AT	M	ME; MO; NU
DE	Herwig, Gisela	NONE	Missing	Missing	Missing	F	NU
DE	Hesse, Eva	NONE	1925	2020	DE	F	ME
DE	Hildesheimer, Wolfgang	NONE	1916	1991	DE	M	ME
DE	Hilzheimer, Helmut	NONE	Missing	Missing	Missing	M	MO
DE	Hinderberger, Hannelise	NONE	1904	1992	CH	F	MO
DE	Hinterhäuser, Hans	NONE	1919	2005	DE	M	ME
DE	Hirsch, Wolfgang	NONE	Missing	Missing	Missing	M	NU
DE	Hocke, Gustav René	NONE	1908	1985	DE	M	ME
DE	Hohenemser-Steglich, Helly	Hohenemser, Helly	Missing	Missing	Missing	F	ME
DE	Holthusen, Johannes	NONE	1924	1985	DE	M	ME
DE	Horschitz-Horst, Annemarie	Horst, Annemarie	1899	1970	DE	F	NU; KA
DE	Horst, Karl August	NONE	1913	1973	DE	M	ME; MO
DE	Huber, Jakob	NONE	Missing	Missing	Missing	M	MO
DE	Hutten, Karl-Ulrich von	NONE	Missing	Missing	Missing	M	MO
DE	Ihle, Elisabeth	NONE	1893	Missing	Missing	F	MO
DE	Jacobi, Lucy von	Geldern, Lucy; Alzey, Elizabeth, Humm, L.; Rossi, Lino	1887	1956	AT; DE	F	MO
DE	Jacobs, Erika	Jacobs, Erica	Missing	Missing	Missing	F	WA
DE	Jaffé, Fritz	Fritz Bernhard	1892	1974	DE	M	ME; MO
DE	Jaffé-Richthofen, Else	NONE	1874	1973	DE	F	WA
DE	Jahn, Janheinz	NONE	1918	1973	DE	M	GT
DE	Janès, Jean W.	NONE	Missing	Missing	Missing	M	UM
DE	Kaempfe, Alexander	NONE	1930	1988	DE	M	ME
DE	Kaerrick, Elisabeth	Rahsin, E.K.	1886	1966	RU; DE	F	MO
DE	Kahler, Erich	NONE	1885	1970	DE	M	ME; WA
DE	Kahn, Harry	NONE	1883	1970	DE	M	NU
DE	Kaiser, E.	Braem-Kaiser, Elisabeth	1925	Missing	DE	F	ME
DE	Kalmer, Josef	Kalmer, Joseph	1898	1959	AT	M	MO; NU
DE	Kaskell, Joseph	NONE	1892	1989	DE; US	M	NU
DE	Kautsky-Brunn, Gerda	NONE	1895	1964	AT	F	MO
DE	Keller, F. O.	NONE	Missing	Missing	Missing	Missing	NU
DE	Kemp, Friedhelm	Umbran, Friedrich	1914	2011	DE	M	ME; GT; WA
DE	Kempski, Jürgen v.	NONE	1910	1998	DE	M	ME
DE	Kesser, Armin	NONE	1906	1965	CH; DE	M	ME
DE	Kiechler, Walter	NONE	1908	1969	DE	M	GT
DE	Kiel, Hanna	NONE	Missing	Missing	Missing	F	MO; ME
DE	Kienlechner, Toni	Müller, Antonie Maria (birth name)	1919	2010	DE	F	ME
DE	Kilpper, Gustav	NONE	1879	1963	DE	M	ME; MO
DE	Kinzel, Wolf	NONE	Missing	Missing	Missing	M	MO
DE	Kirschberger, Walter	NONE	Missing	Missing	Missing	M	UM
DE	Kluger, Herbert	NONE	Missing	Missing	DE	M	ME
DE	Knoepfmacher, Hugo	NONE	1890	1980	AT; US	M	MO
DE	Knust, Jutta	NONE	1913	Missing	Missing	F	ME
DE	Knust, Theodor A.	NONE	1908	Missing	Missing	M	ME
DE	Koffka, Mira	Klein, Miriam Maxa	1886	1977/78	DE	F	ME
DE	Korth, Clemens	NONE	Missing	Missing	DE	M	UM
DE	Koval, Alexander	NONE	1922	1986	DE	M	MO
DE	Kracauer, Siegfried	NONE	1889	1966	DE; US	M	MO
DE	Kraushaar, Richard	NONE	1898	1962	DE	M	ME
DE	Küchler, Walter	NONE	1877	1953	DE	M	WA
DE	Kutscher, Irmgard	NONE	Missing	Missing	Missing	F	MO
DE	Lachmann, Peter	NONE	1935	Missing	DE; PL	M	MO
DE	Landmann, Michael	NONE	1913	1984	CH	M	WA
DE	Landry, H.	NONE	Missing	Missing	Missing	Missing	NU
DE	Langer, Felix	NONE	1889	1979	AT	M	NU
DE	Laporte, Luise	NONE	Missing	Missing	Missing	F	MO
DE	Larsen, Egon	NONE	1904	1990	DE; GB	M	NU
DE	Larsen, Magda H.	NONE	Missing	Missing	Missing	F	NU
DE	Lehmann, Wilhelm	NONE	1882	1968	DE	M	NU
DE	Leishman, James Blair	NONE	1902	1963	GB	M	NU
DE	Leithäuser, Joachim Gustav	NONE	1910	1965	DE	M	MO
DE	Lemke, Bruno	NONE	Missing	Missing	Missing	M	MO
DE	Lendt-Michaelis, Ilse	NONE	1903-	Missing	DE	F	NU
DE	Leonhard, Kurt	NONE	1910	2005	DE	M	MO; ME
DE	Lepiorz, Gerhard	NONE	Missing	Missing	Missing	M	MO
DE	Leroy, E.	NONE	Missing	Missing	DE	Missing	UM
DE	Levitin, Isabella	NONE	Missing	Missing	Missing	F	ME
DE	Lichtenstein, Grete	NONE	Missing	Missing	Missing	F	KA
DE	Lilius, Charlotte	NONE	1899	Missing	FI	F	MO
DE	Lind, Georg R.	NONE	1926	1990	DE	M	ME
DE	Lindemann, Helmut	NONE	1912	1998	DE	M	ME; MO
DE	Lindt, Inge	NONE	Missing	Missing	Missing	F	MO
DE	Littmann, Enno	NONE	1875	1958	DE	M	GT
DE	Loepfe, Alfred	NONE	Missing	Missing	Missing	M	MO
DE	Lohner, Edgar	NONE	1919	1975	DE	M	ME
DE	Lohner, Edgar	NONE	1919	1975	DE	M	MO
DE	Lorch, Fritz	NONE	Missing	Missing	DE	M	ME
DE	Luitpold, Josef	NONE	1886	1966	AT	M	KA
DE	Lütgen, Kurt	NONE	1911	1992	DE	M	NU
DE	Luther, Arthur	NONE	1876	1955	DE	M	KA
DE	Lüthy, Herbert	NONE	1918	2002	CH	M	MO
DE	Lutzjak, Halina	NONE	1924	2011	UKR; DE	F	KA
DE	Maruhn, Siegfried	NONE	1923	2011	Missing	M	MO
DE	Matheis, F.	NONE	Missing	Missing	Missing	Missing	GT
DE	Mathi, Maria	NONE	1889	1961	DE	F	GT
DE	Mayer, Elisabeth	NONE	Missing	Missing	Missing	F	WA
DE	Mayr, Rolf	NONE	Missing	Missing	Missing	M	WA
DE	Meienburg, K. H.	NONE	Missing	Missing	Missing	Missing	GT
DE	Meister, Guido G.	NONE	Missing	Missing	Missing	M	MO; ME
DE	Meitner, Clarisse	NONE	1891	Missing	AT	F	MO
DE	Mendelssohn Bartholdy, Edith	NONE	1882	1969	DE 	F	MO
DE	Meyer-Clason, Curt	NONE	1910	2012	DE	M	ME
DE	Meyer-Lüne, Ilse	NONE	1886	Missing	Missing	F	ME
DE	Mikusch, Dagobert von	NONE	1874	1950	DE	M	MO
DE	Miodrag, Vukié	NONE	Missing	Missing	Missing	M	ME
DE	Misevicius, Albinas	NONE	Missing	Missing	Missing	Missing	GT
DE	Möhring, Beate	NONE	Missing	Missing	Missing	F	NU
DE	Moras, Joachim	NONE	1902	1961	DE	M	ME
DE	Möring, Richard	Moehring, Richard; Möhring, Richard; Moering, Richard; Gan, Peter	1894	1974	DE	M	ME; UM
DE	Mühlberger, Josef	NONE	1903	1985	Missing	M	GT
DE	Mülbe, Wolf-Heinrich von der	Mülbe, Wolfdietrich von der; Mülbe, Wolfheinrich von der	1879	1965	DE	M	ME; MO
DE	Müller, Hans Dieter	NONE	Missing	Missing	Missing	M	MO
DE	Müller, Max	NONE	Missing	Missing	Missing	M	MO
DE	Münz, Erwin Karl	NONE	1912	1978	DE	M	GT
DE	Nagel, Ivan	NONE	1931	2012	HU; DE	M	MO
DE	Nérac-Schoenberner, Eleonore	Schoenberner, Eleonore; Nérac-Schoenberner, Eléonore; Nérac-Schönberner, Eleonore; Nérac-Schönberner, Ella; Kadach-Nérac, Eleonore	1889	1957	DE	F	NU
DE	Neumann, Stefanie	NONE	Missing	Missing	Missing	M	MO
DE	Noah, Heinz	NONE	Missing	Missing	Missing	M	GT; NU
DE	Noeggerath, Felix	NONE	1885	1960	DE	M	ME
DE	Nostitz, Oswalt von	Nostitz, Oswalt M. von	1908	1997	DE	M	ME; MO
DE	Nothardt, Fritz	NONE	Missing	Missing	Missing	M	NU
DE	Pagel, L. H.	NONE	Missing	Missing	Missing	F	ME
DE	Palm, Erwin Walter	NONE	1910	1988	DE	M	ME
DE	Parigi, Ingrid	NONE	1907	Missing	Missing	F	ME
DE	Pariser, Anton	NONE	1890	1965	AT	M	GT
DE	Peterich, Eckart	NONE	1900	1968	DE	M	GT
DE	Picard, Fritz	NONE	Missing	Missing	Missing	M	UM
DE	Picht, Gerda	NONE	Missing	Missing	Missing	F	ME
DE	Piesen, Ferdinand	NONE	1909	1994	Missing	M	UM
DE	Pilzer, Gerhard	NONE	Missing	Missing	Missing	M	MO
DE	Piontek, Heinz	NONE	1925	2003	DE	M	ME
DE	Piwitt, Hermann	NONE	1935	Missing	DE	M	MO
DE	Platen, Alice	NONE	Missing	Missing	Missing	F	WA
DE	Politzer, Heinz	NONE	1910	1978	AT; US	M	MO
DE	Rademacher, Susanna	NONE	1899	1980	DE	F	MO
DE	Rasch, Wolfdietrich	NONE	1903	1986	DE	M	WA
DE	Rechel, Eva	Rechel-Mertens, Eva	1895	1981	DE	F	ME
DE	Reifenberg, Maryla	Reifenberg-Mazurkiewicz, Maryla; Mazurkiewicz, Maria Józefa von	1892	1981	PL	F	ME; MO
DE	Reinhard, Ernst	NONE	Missing	Missing	Missing	M	MO
DE	Reis, Kurt	Costello, Conte; Karolyi, Stephan; Markus, Mario; Orlowski, Axel von; Ritter, Kurt	1928	Missing	DE	M	MO
DE	Reischach-Scheffel, Margarete von	NONE	1894	1977	DE	F	ME
DE	Richter-Ruhland, Walter	Richter, Walter	1910	1975	DE	M	ME
DE	Riha, Karl	NONE	1935	Missing	DE	M	MO
DE	Rilke, Rainer Maria	NONE	1879	1926	AT	M	NU
DE	Rismondo, Piero	NONE	1905	1989	AT	M	MO
DE	Roeder, Eva	NONE	Missing	Missing	Missing	F	NU
DE	Roediger, C.	NONE	Missing	Missing	Missing	M	ME
DE	Roland, Elisabeth-Charlotte	NONE	Missing	Missing	DE	F	UM
DE	Römer, Rudolf	NONE	Missing	Missing	Missing	M	KA
DE	Ronai, Andreas	NONE	Missing	Missing	Missing	M	MO
DE	Roque, Roger	NONE	Missing	Missing	Missing	M	UM
DE	Rosenberg, Käthe	Rosenberg, Käte	1883	1960	DE	F	NU
DE	Rubinstein, Hilde	NONE	1904	1997	DE	F	ME
DE	Rüdiger, Horst	NONE	1908	1984	DE	M	ME
DE	Rüdiger, Lisa	NONE	Missing	Missing	Missing	F	ME
DE	Rypp, Reinhard	NONE	Missing	Missing	Missing	M	MO
DE	Saager, Adolf	Edger, A.S.	1879	1949	CH	M	MO
DE	Sachs, Nelly	NONE	1891	1970	DE	F	ME
DE	Saenger, Eduard	NONE	1880	1948	DE	M	NU
DE	Sahl, Hans	Salomon, Hans; Floris, Franz; Munk, Peter; Salpeter	1902	1993	DE	M	MO
DE	Sander, Ernst	NONE	1898	1976	DE	M	GT
DE	Sauter, Lilly	Sauter, Lilly von	1913	1972	AT	F	ME
DE	Scavo-Otto, Eva	NONE	Missing	Missing	Missing	F	ME
DE	Schaeder, Hans Heinrich	NONE	1896	1957	DE	M	ME
DE	Schaefer-Rümelin, Maria	Schaeffer-Rümelin, Maria	1896	1966	DE	F	ME
DE	Schäfer, Oda	Schaefer, Oda	1900	1988	DE	F	GT
DE	Schalk, Fritz	NONE	1902	1980	AT; DE	M	MO
DE	Scheffel, Helmut	NONE	1925	2010	DE	M	MO
DE	Schering, Emil	NONE	1873	1951	DE	M	UM; GT
DE	Schickel, Joachim	NONE	1924	2002	DE	M	ME
DE	Schiebelhuth, Hans	NONE	1895	1944	DE	M	MO
DE	Schlüter, B.	NONE	Missing	Missing	Missing	Missing	ME
DE	Schlüter, Marguerite	NONE	1928	2018	DE	F	ME
DE	Schmidt, Eckhart	NONE	1938	Missing	DE	M	ME
DE	Schmied, Wieland	NONE	1929	2014	AT; DE	M	ME
DE	Schneider, Hans-Karl	NONE	1912	1991	DE	M	ME
DE	Schoen, Ernst	NONE	1894	1960	DE	M	MO; NU
DE	Schoenberner, Franz	NONE	1892	1970	DE	M	NU
DE	Schopenhauer, Arthur	NONE	1788	1860	DE	M	MO; WA
DE	Schor, Josua	NONE	Missing	Missing	Missing	Missing	MO
DE	Schröder, Rudolf Alexander	NONE	1878	1962	DE	M	ME; MO
DE	Schult, Herta	NONE	Missing	Missing	Missing	F	ME
DE	Schürenberg, Walter	NONE	Missing	Missing	Missing	M	MO
DE	Schwarz, Freimut	NONE	1913	1994	DE	M	NU
DE	Schwarz, Friedrich	NONE	Missing	Missing	Missing	M	ME
DE	Schwedhelm, Karl	NONE	1915	1988	DE	M	GT
DE	Schweinitz, Maria von	NONE	1889	1968	DE	F	MO
DE	Schwertfeger, Bernhard	Schwerdtfeger, Bernhard	1868	1953	DE	M	WA
DE	Segal, Jacques	NONE	Missing	Missing	Missing	M	UM
DE	Seidlin, Oskar	Brockhoff, Stefan	1911	1984	DE	M	WA
DE	Seiffhart, Arthur	NONE	1880	1959	Missing	M	MO
DE	Serelmann-Küchler, Elisabeth	NONE	Missing	Missing	Missing	F	GT
DE	Siliava, Judith	NONE	Missing	Missing	DE	F	UM
DE	Spaltmann, Günther	NONE	Missing	Missing	Missing	M	ME
DE	Spindler, Lore	NONE	Missing	Missing	DE	F	UM
DE	Spiro, Mario	NONE	1883	1960	DE	M	UM
DE	Stadelmayer, Peter	NONE	Missing	Missing	Missing	M	MO
DE	Stammler, Heinrich	NONE	1912	2006	DE	M	ME; GT
DE	Staudemeyer, Elsa	NONE	Missing	Missing	Missing	F	MO
DE	Steil-Beuerle, Elisabeth	Beuerle, Elisabeth	1908	1985	DE	F	GT
DE	Stein, Ernst Eduard	Sattler, Andreas; Schmied, Friedrich Louis	1901	1968	AT	M	NU
DE	Stein, Lola	Stern, Lola; Mené, Viola	1885	1959	DE	F	NU
DE	Stephan, Toni	NONE	Missing	Missing	Missing	Missing	GT
DE	Stern, Gustav	NONE	Missing	Missing	Missing	M	UM
DE	Sternberger, Dolf	NONE	1907	1989	DE	M	MO; WA
DE	Strassova, Helena	Strassowa, Helena	Missing	Missing	Missing	F	GT
DE	Strauch, Georg	Strauch-Orlow, Georg	1920	Missing	DE	M	ME
DE	Streller, Justus	NONE	Missing	Missing	Missing	M	MO
DE	Stresau, Hermann	NONE	1894	1964	US; DE	M	ME; MO
DE	Strom, Gustav	NONE	Missing	Missing	Missing	M	MO
DE	Stübel, Erna	NONE	Missing	Missing	Missing	F	WA
DE	Studniczka, Hanns	NONE	1891	1975	AT; DE	M	ME
DE	Süskind, Wilhelm Emanuel	Süskind, Wilhelm Emanuel	1901	1970	DE	M	ME
DE	Sutro, Nettie	NONE	1889	1967	DE; CH	F	MO
DE	Szalay-Kleeborn, Hermine von	Kleeborn, Hermen von	1908	1978	AT	F	GT
DE	Taube, Otto von	NONE	1879	1973	DE	M	ME
DE	Tauber, Herbert	NONE	Missing	Missing	Missing	M	MO
DE	Thiele-Fredersdorf, Herbert	NONE	Missing	Missing	Missing	M	MO
DE	Thiersch, Adolf	NONE	Missing	Missing	Missing	M	ME
DE	Tholen, Wilhelm	NONE	Missing	Missing	Missing	M	NU; GT
DE	Thomas, Walter	Dorn, Hans Peter; Anderman, W. Th.	1908	1970	DE	M	NU
DE	Thorsch, Eduard	NONE	1895	1977	DE	M	MO
DE	Tiel, Walter	NONE	1894	Missing	PL; DE	M	ME; MO
DE	Titel, Britta	NONE	Missing	Missing	Missing	F	ME
DE	Tophoven, Elmar	NONE	1923	1989	DE	M	ME
DE	Tornow, Friedrich	NONE	Missing	Missing	Missing	M	NU
DE	Trebitsch, Siegfried	NONE	1868	1956	AT	M	ME; NU
DE	Treichlinger, Wilhelm Michael	NONE	1902	1973	AT	M	MO
DE	Treuenfels, Therese	NONE	Missing	Missing	Missing	F	MO
DE	Trugly, Edmund	NONE	Missing	Missing	Missing	M	MO
DE	Uhde-Bernays, Hermann	NONE	1873	1965	DE	M	ME
DE	Ulrich, Robert A.	NONE	1888	1952	DE	M	NU
DE	Viebrock, Helmut	NONE	1912	1997	DE	M	ME
DE	Vordtriede, Werner	Salasin, Werner; Stoutz, Werner	1915	1985	DE	M	ME
DE	Vring, Georg von der	NONE	1889	1968	DE	M	GT
DE	Vukic, Miodrag	NONE	1926	Missing	SERB	M	MO
DE	Wagenseil, Hans Beppo	NONE	1894	1975	DE	M	GT; KA; NU
DE	Wagenseil, Kurt	Wagenseil. Kurt L.	1904	1988	DE	M	KA; MO
DE	Wagner, Meta	NONE	Missing	Missing	Missing	F	KA
DE	Wahl, Eduard	NONE	1903	1985	DE	M	WA
DE	Walter, Fritz	NONE	Missing	Missing	Missing	M	ME
DE	Walter, Reinhold von	NONE	1882	1965	DE; RU	M	MO
DE	Walther, E.	NONE	Missing	Missing	Missing	Missing	ME
DE	Wasmuth, Ewald	NONE	1890	1963	DE	M	WA
DE	Weber, Alfred	NONE	1925	2006	DE	M	MO
DE	Weber, Ulrich	NONE	Missing	Missing	Missing	M	ME
DE	Weiler, Karl	NONE	Missing	Missing	Missing	M	GT
DE	Weinert, Hermann Karl	NONE	1909	1974	DE	M	GT
DE	Werner, Hans-Erich	NONE	Missing	Missing	Missing	M	GT
DE	West, Robert	NONE	Missing	Missing	Missing	M	MO
DE	Wiemer, Horst	NONE	Missing	Missing	Missing	M	ME
DE	Willinsky, Grete	NONE	1906	1983	DE	F	KA
DE	Winger, Ilse	NONE	Missing	Missing	Missing	F	ME
DE	Winterfeld, Hans Jürgen von	NONE	1921	2008	DE	M	ME
DE	Wollenberg, E.	NONE	Missing	Missing	Missing	Missing	UM
DE	Wollf, Karl	NONE	1876	1952	DE	M	NU
DE	Wurzian, Heidi	NONE	Missing	Missing	Missing	F	WA
DE	Wuthenow, Ralph Rainer	NONE	1928	2013	DE	M	ME
DE	Wydenbruck, Nora	NONE	1894	1959	AT	F	ME; GT
DE	Zahn-Harnack, Agnes von	NONE	1884	1950	DE	F	NU
DE	Zapp, Hanns Edgar	NONE	1890	Missing	Missing	M	KA
DE	Zedtwiz, Margret	NONE	Missing	Missing	Missing	F	MO
DE	Zielesch, Elisabeth	Zielesch, Li	Missing	Missing	Missing	F	MO
DE	Zielesch, Fritz	NONE	Missing	Missing	Missing	M	MO
DE	Zimmer, Dieter E.	NONE	1934	2020	DE	M	ME
DE	Ziwutschka, Josef	NONE	Missing	Missing	AT	M	ME
